src,denoising,denoising_method,test/micro/precision,test/micro/recall,test/micro/f1,test/macro_example/precision,test/macro_example/recall,test/macro_example/f1,test/macro_types/precision,test/macro_types/recall,test/macro_types/f1
figer,-1.0,-1,0.7132505178451538,0.8202381134033203,0.763012170791626,0.7847437262535095,0.8338069915771484,0.8085317015647888,0.2308752387762069,0.2623018026351928,0.2455872148275375
bbn,-1.0,-1,0.7234153747558594,0.8075317740440369,0.7631626725196838,0.7433907985687256,0.8039516806602478,0.7724860906600952,0.444330632686615,0.4811520576477051,0.4620088338851928
ontonotes_shimaoka,-1.0,-1,0.6304410099983215,0.6596729755401611,0.6447257995605469,0.6919547915458679,0.7102681398391724,0.7009918689727783,0.1989188939332962,0.2248795926570892,0.2111041098833084
